team,cf_direction_deg
ARI,0
ATL,135
BAL,30
BOS,45
CHC,45
CHW,135
CIN,100
CLE,0
COL,0
DET,135
HOU,330
KC,45
LAA,45
LAD,30
MIA,100
MIL,135
MIN,90
NYM,5
NYY,90
OAK,45
PHI,5
PIT,100
SD,0
SF,90
SEA,45
STL,45
TB,45
TEX,135
TOR,0
WSH,40
